,class,left_eyebrow_18x,left_eyebrow_18y,left_eyebrow_20x,left_eyebrow_20y,left_eyebrow_22x,left_eyebrow_22y,right_eyebrow_23x,right_eyebrow_23y,right_eyebrow_25x,right_eyebrow_25y,right_eyebrow_27x,right_eyebrow_27y,left_eye38_x,left_eye38_y,right_eye45_x,right_eye45_y,left_lip49_x,left_lip49_y,lip_center_upper52_x,lip_center_upper52_y,right_lip55_x,right_lip55_y,lip_center_lower58_x,lip_center_lower58_y,trans_x,trans_y,trans_z,rot_x,rot_y,rot_z
0,5,-0.9510803223,4.5161895752,3.119934082,13.2956695557,6.8463478088,10.387512207,-3.4723968506,8.8734283447,-4.8430404663,11.1621398926,-4.427154541,3.7264556885,-0.5121688843,-5.8464050293,0.9774703979,-7.8889007568,1.3477096558,5.3990097046,2.2242016792,-0.749206543,-2.7884750366,13.9224853516,3.6716957092,0.0098419189,-0.0018988966,-0.0173248649,-0.0173248649,5.7969681119,-0.2446021444,-1.3332333218
1,5,1.7271575928,3.5170440674,5.0169525146,4.5676574707,6.3822536469,1.0061340332,-5.9598960876,0.9477081299,-5.6011352539,6.4538879395,-2.8873443604,2.865447998,-0.5217132568,-3.9352722168,-1.7233200073,-4.7772064209,-0.6932067871,7.8599739075,0.2847874165,-2.502822876,3.313659668,8.650604248,0.1442414261,-3.8234481812,0.0037111938,0.0003277808,0.0003277808,0.4456878476,-3.4292493927,-0.1750963396
2,5,-3.330078125,-0.0051879883,4.0095062256,13.8729095459,9.5035743713,13.2035980225,-9.7321281433,17.6370544434,-9.6233444214,15.2416534424,-0.4761810303,-2.6619415283,-1.3323898315,1.4451751709,-0.1471328735,1.9920959473,0.0969543457,8.6002235413,-1.6370148659,-8.5944652557,-2.9332504272,14.3879623413,-2.031484127,23.2608566284,0.0166603443,-0.0105728209,-0.0105728209,3.3553060822,-17.8228891591,0.7231522649
3,5,-1.331237793,3.1078186035,-2.1510391235,-0.3260040283,-1.087600708,-2.9420623779,-1.4089660645,-3.4354553223,-1.8768844604,2.7559661865,-0.3613586426,3.2707519531,1.2925720215,1.7306518555,-1.4934539795,1.3212127686,3.7168426514,-0.5855712891,2.7373570204,0.4603271484,2.3372573853,1.4807281494,1.455082953,-1.7487716675,0.0025569391,-0.0134160034,-0.0134160034,-1.4212571671,-4.6013083514,-2.4859523449
4,5,0.3373565674,6.5731201172,1.6890716553,6.3352203369,7.9532051086,7.145614624,-5.8385772705,4.0635223389,-2.3774337769,2.6273498535,-0.0457000732,3.1252746582,-0.9832000732,-5.8550262451,-1.7390594482,-4.5558319092,-4.3146972656,4.7430267334,3.0922571421,5.3255748749,-0.931022644,7.4311790466,-0.084603101,-1.4850158691,0.0035760086,-0.0061953738,-0.0061953738,4.1427122817,-0.7508688461,1.6756000999
5,5,1.5664215088,3.2381439209,-2.8075256348,2.0883636475,-1.9808731079,-0.4528503418,-0.1048126221,0.5267028809,0.2185668945,4.3061523438,0.1956787109,3.8365478516,-0.9463577271,-2.5935211182,2.0590896606,-0.6092987061,0.5213851929,7.8129272461,-1.7991116047,-4.3865814209,-3.6602554321,4.6154174805,-0.7697275132,-4.0492706299,-0.0048611695,-0.003953509,-0.003953509,-1.1209822032,2.4864249057,-1.7602564215
6,5,1.4149475098,1.0862579346,0.5570831299,3.078918457,-1.6812591553,-2.3586883545,-0.2192573547,-3.2268676758,0.0794525146,2.9044494629,-0.6828308105,2.6275482178,-0.7111740112,3.2358551025,1.6080856323,3.8256378174,2.6294021606,5.996509552,-1.6318855286,-6.7819461823,-1.9342956543,5.3682403564,-0.1475998163,-8.8722763062,-0.0003757738,0.0036448613,0.0036448613,-2.2945321232,0.5490355253,1.1613683898
7,5,3.5755615234,2.9733276367,4.6218261719,4.5468444824,6.8487052917,1.878326416,-1.4844207764,-0.7462158203,-2.2366104126,2.3693389893,-3.0812530518,0.1004943848,1.7758178711,-2.3805389404,-3.0354309082,-2.8624572754,-14.563079834,0.4917678833,-0.7594130039,7.2957286835,5.7235336304,6.3726882935,0.3651995659,0.8266067505,0.0041435678,-0.0058249794,-0.0058249794,5.9240718569,-3.9027586344,0.4518142804
8,5,-4.4066619873,4.302520752,0.8543167114,2.677230835,7.4106407166,3.0536651611,-7.6457099915,4.0821990967,-1.3478393555,5.1332397461,3.5846099854,3.6814117432,1.6133422852,-7.1992797852,0.0237960815,-5.345916748,7.9599761963,1.5180740356,-2.7816962004,-2.1339187622,-3.9247665405,0.3634757996,-0.8688164949,-2.5690765381,-0.0059670116,0.0001886077,0.0001886077,2.2664422054,4.3102222973,-1.1945737418
9,5,-3.3388366699,-1.7090911865,4.4608001709,-1.3639068604,7.0838356018,2.8771209717,-5.1302604675,4.171661377,-2.5273132324,1.1468353271,-0.1122283936,-3.0758361816,-1.8171539307,0.5374755859,-2.1825637817,-1.2596130371,6.6552658081,-3.1914329529,2.8458189964,6.3696708679,0.1660842896,2.0451431274,6.6962008476,-7.3431396484,0.0002376153,-0.0109360479,-0.0109360479,2.2505678691,-3.0643246212,-0.9086692757
10,5,1.4057312012,-5.7829589844,8.1115875244,6.8777160645,7.884311676,11.2492523193,-11.76612854,10.6026916504,-10.0760726929,9.7210083008,-1.2863311768,-4.6991271973,4.3440704346,-7.2771911621,-3.1340255737,-8.7709503174,-8.7782211304,1.6651306152,0.7040849924,7.2587013245,9.8047180176,-0.5921669006,0.8324782848,7.8825836182,-0.0062705597,-0.0118981972,-0.0118981972,8.8813125399,5.9899008594,-1.3371382394
11,5,4.7872619629,-3.8728637695,0.1998748779,3.784286499,-5.3158874512,1.8281402588,1.383441925,3.4992980957,-2.2416992188,6.9441986084,-2.8560943604,-2.2528991699,0.4878463745,0.6277618408,-2.1349868774,-0.1947631836,-4.3436584473,-2.1504631042,0.5158002377,4.9979076385,2.2958297729,-2.0047111511,2.2052752972,10.1036911011,0.0015693603,-0.0028480701,-0.0028480701,5.2617086023,0.8065694846,1.1482286134
12,5,-1.2855987549,4.022354126,-0.3283233643,-5.1916503906,5.6693649292,-5.0914459229,-1.1105613708,-7.0981292725,2.18359375,-7.8399047852,-1.3189239502,1.6802520752,0.6229171753,0.4895629883,-2.727645874,-1.4294891357,-12.8807830811,-11.256565094,1.9002915621,21.5820884705,4.8622360229,-3.6136932373,1.9551310539,7.042350769,0.0058126929,-0.0046992898,-0.0046992898,-2.8833851697,-4.4219476966,1.4129990676
13,5,-3.0679168701,1.4164886475,4.2445678711,7.7153930664,9.3248214722,4.46875,-3.6636772156,7.3298492432,-1.5841217041,4.9050598145,0.9494781494,-2.3113861084,-4.4762954712,-3.2306060791,1.1465911865,-4.3010559082,3.7419662476,2.3641853333,2.9688911438,0.9443588257,-8.6360168457,10.1116218567,2.7669730186,-7.8060302734,0.0016873144,-0.0078264102,-0.0078264102,3.3820733954,-5.7445251245,-2.8886369023
14,5,0.8103790283,-4.6946105957,9.623374939,1.8058624268,12.2196483612,3.6647491455,-14.4157409668,7.9638824463,-8.8573684692,3.5485687256,0.8686065674,-2.0671081543,-2.1269760132,1.360534668,-3.9265365601,-2.1189117432,-0.6243209839,0.5860366821,4.4988799095,3.2123184204,1.3130950928,0.7720031738,3.1982229948,7.2352676392,0.010357725,-0.0113377869,-0.0113377869,3.8010344232,-5.6655690978,5.2665360444
15,5,0.9591827393,2.5529022217,4.5527267456,3.6679229736,3.1788101196,1.6052856445,-3.6487808228,2.3152160645,-2.1162109375,6.286239624,-2.2631072998,3.5174407959,-0.218963623,-1.7384185791,-0.0348129272,-4.053024292,0.9900970459,7.2215118408,-0.1238999367,1.2105865479,3.6450271606,8.6107444763,1.2990787029,7.7219314575,0.002349548,-0.0078270063,-0.0078270063,-1.0922837098,-1.9703029952,0.3945716253
16,5,0.9113311768,4.6411895752,-2.6512145996,1.8489990234,-1.7103347778,-7.3649597168,0.3842658997,-6.0012512207,2.1660919189,3.9607391357,1.2873840332,4.7936553955,-0.7296142578,3.0436553955,0.2723617554,3.8472442627,-0.3058929443,2.624332428,-0.7208932638,-4.2835350037,-3.0114822388,-0.3276290894,0.6873117834,-1.9196090698,-0.0030243353,-0.0044460222,-0.0044460222,-3.7513926759,3.4629616052,0.3612231915
17,5,1.7442932129,6.4423675537,2.9106903076,-0.414932251,6.2022094727,-2.2102050781,-8.3611335754,4.4995117188,-1.244644165,5.405090332,2.668548584,11.1061096191,-3.0067901611,-6.442489624,-4.4101257324,-11.903717041,-1.3839187622,4.6757659912,4.5262921751,6.2509479523,3.0632095337,4.1265258789,3.7407801077,0.9016799927,0.0041454663,-0.0124768429,-0.0124768429,3.8372527367,-2.1479974021,1.3861968031
18,5,7.7679901123,-13.4171142578,7.2613449097,1.9674987793,1.0217285156,3.0980072021,0.5194473267,5.6084289551,-3.9971618652,0.5201263428,-5.1644439697,-14.1560516357,-0.8313598633,2.2653198242,-3.9588012695,1.5528717041,-12.1190872192,3.9239501953,3.958556354,-2.9159584045,8.4737243652,4.2074508667,6.6980630159,-10.9460678101,0.0017374291,-0.0021028668,-0.0021028668,2.3189403714,-2.9588616278,-2.2798347869
19,5,5.5703887939,-1.3041229248,4.0659561157,7.7987823486,-0.3220939636,3.239654541,2.4146232605,1.6378173828,-4.5765457153,8.683013916,-4.5724334717,-4.217956543,1.6692581177,-1.67527771,-1.9799499512,0.815322876,-11.7730178833,-2.2544441223,-2.0372953713,3.3516616821,7.3968582153,-3.8293075562,-1.2837636769,5.1670761108,0.0011792358,0.0093413554,0.0093413554,6.4994730925,0.1353962728,-2.002208922
20,5,-0.1528320313,-0.8377380371,3.0305404663,5.4734039307,2.2901077271,5.1756286621,-1.4309463501,3.4300994873,0.2783279419,6.1493530273,-1.6430664063,-0.5790863037,0.1121444702,-0.1679992676,0.7726745605,-1.291809082,0.066986084,2.3386726379,-0.1716932058,1.718875885,3.7438659668,3.9819335938,-0.0496088266,0.2620849609,-0.002190948,0.0119565241,0.0119565241,3.0777080472,2.4698878796,1.2379172987
21,5,-0.7014465332,4.6049804688,3.9894714355,4.0686340332,12.8192062378,-2.3285827637,-13.8497486115,-2.1294555664,-7.3689956665,2.2707672119,-0.1701507568,3.579208374,-1.3664093018,-0.3600616455,3.5492019653,-0.0040740967,-2.4336700439,4.4453315735,-3.3211939335,-8.2992095947,-2.2742996216,5.0854759216,-2.4727951288,-3.8524475098,-0.0080911452,-0.0066991858,-0.0066991858,-4.6865704608,3.3134718327,-6.0265844221
22,5,0.1479492188,-3.9378662109,5.8664779663,6.4366607666,4.2910499573,8.2943572998,-3.0247154236,7.3007507324,-6.1429367065,8.3144226074,0.1266937256,-3.9800872803,0.3774185181,3.7237854004,1.7581100464,3.3976135254,-1.9638519287,-1.0957641602,-3.1418712139,5.8530349731,0.9269943237,-1.6217193604,-2.3309493661,-2.9778442383,-0.0062683192,-0.0156142116,-0.0156142116,4.3439242029,3.9332495394,-1.6945644664
23,5,-3.4599304199,-1.9506988525,2.692489624,-2.4568328857,5.1992340088,5.294708252,-4.0837688446,11.1027069092,-0.5973968506,-3.5543060303,6.0138397217,-2.379699707,-0.9820861816,-5.4237213135,-1.6433410645,-5.4138031006,4.7551269531,2.2726173401,-1.6259747446,-0.7805900574,-3.9200668335,0.9212379456,-1.3182699382,0.5285949707,-0.0011393884,0.0139894634,0.0139894634,4.0779453663,1.2618462419,1.4002655414
24,5,0.6315917969,3.199005127,2.7395324707,6.1270599365,6.1337242126,1.1341094971,-4.6138420105,0.5339508057,-2.1270370483,4.4746246338,-0.6697692871,0.9927825928,1.5351257324,-3.7368164063,-0.6893844604,-2.7028503418,-2.3553695679,-0.3548431396,0.4450769424,-0.8220748901,0.3235855103,-0.9688339233,-1.3595354557,0.2730255127,-0.0020903081,-0.0190790966,-0.0190790966,1.2911478959,1.0620262853,-1.0583354688
25,5,0.7268371582,1.3346862793,2.3633804321,5.2974700928,5.2278366089,2.908493042,-6.0781288147,0.0208892822,-2.5643386841,6.5832977295,-3.1346740723,1.7261352539,3.9441604614,-3.3408813477,1.4751434326,-3.6537017822,-2.7423706055,4.1889686584,-3.2902182341,1.4299468994,2.7150497437,5.2416419983,-5.4153539538,-12.6455535889,-0.0046973638,0.0406280681,0.0406280681,3.7335110168,2.8464088933,-0.0766347632
26,5,6.2622680664,-3.6716308594,5.7760543823,11.1661071777,0.9670295715,7.1367034912,-3.798614502,5.4812164307,-7.7361526489,8.9968414307,-5.802154541,-2.432510376,-0.9206008911,-4.3789520264,1.6067733765,-4.0952606201,-2.1691970825,9.1937141418,-3.282666415,-5.9382400513,2.1884002686,7.9985237122,-3.5694403052,2.4950485229,-0.0018002419,-0.011010237,-0.011010237,5.6878715547,1.791753017,2.2472785541
27,5,0.4799041748,0.7119293213,-0.1080474854,0.1616821289,-1.5607719421,1.0939788818,-1.1461219788,2.5990142822,-1.5846862793,3.7580108643,-1.1743774414,2.3513336182,-1.080116272,-3.1296234131,0.5019454956,-2.6345062256,5.6458435059,5.1213684082,0.0349596739,-2.572883606,-1.2625656128,3.8647613525,-0.3936864138,0.5508117676,-0.0026931708,-0.008482378,-0.008482378,-0.5430616069,1.9561761345,-0.0716371005
28,5,1.4301300049,1.0905609131,-1.0645904541,1.7572479248,-2.1074943542,-1.6253814697,2.8570137024,0.6197662354,-1.467300415,1.7653808594,-2.210067749,-0.726776123,-1.1354675293,-2.2362060547,-1.6760482788,-1.620010376,0.5751953125,0.4171943665,1.6810204894,-1.3722763062,-0.0893936157,1.2563705444,1.9656441957,1.1098098755,0.0063786304,-0.0008031949,-0.0008031949,-0.0348108869,-10.2372295062,-2.3185317183
29,5,-0.150390625,6.6518554688,0.4994049072,4.7364501953,4.5900917053,-5.1061859131,-4.0411643982,-4.3704376221,-0.3507614136,3.2806243896,0.4459533691,5.8798522949,-6.0844192505,2.9819641113,0.2043457031,2.8482818604,6.0281448364,2.3744087219,2.635062933,-8.8272075653,-1.4149932861,2.0575942993,3.7820054293,-4.8627243042,0.0115132332,-0.0007858463,-0.0007858463,-2.9733963248,-11.0765373006,-0.852757349
30,5,-0.542098999,9.3950805664,-2.1070098877,3.5621643066,3.1315116882,-4.9617462158,-0.6110496521,-3.0331878662,1.3286743164,1.3753204346,-2.2171936035,6.4164428711,-3.3565826416,-1.2726287842,-0.5583343506,-1.8050537109,0.760635376,3.8490333557,2.6068425179,-5.8372573853,0.8751907349,9.0242996216,0.0232789218,-11.6772232056,0.0047847005,-0.0095645543,-0.0095645543,-4.799323377,-2.3369072546,-0.2425301279
31,5,0.7372894287,7.6405639648,-2.2976608276,6.3246612549,-1.4167709351,-4.2911682129,-0.5040016174,-4.2912750244,0.8766021729,6.1407775879,-0.6680755615,7.0786895752,-0.8860092163,-0.6130065918,-0.8937530518,-0.6784973145,1.5048141479,6.7849006653,1.4991019964,-5.752161026,-3.6378555298,5.8753852844,0.6372065544,-5.9534988403,0.001833362,0.0067253858,0.0067253858,-2.2037652656,0.2398421354,0.696187526
32,5,1.9518737793,-1.8246459961,1.8533248901,4.3710174561,-0.3110466003,0.4521484375,-1.3039398193,-1.9668731689,-0.3067779541,3.0947265625,2.05078125,1.7508087158,3.2672042847,0.4150390625,-0.5603790283,-0.0190582275,-2.6995620728,4.3776855469,-3.0036371946,-5.7424201965,-2.0561981201,0.7788391113,-2.3827307224,-1.9496917725,-0.0062448003,-0.0057065375,-0.0057065375,-1.6048034192,5.8331618699,0.2573014539
33,5,2.8429412842,0.6814880371,2.8557281494,-0.4934234619,0.1152381897,0.5717163086,0.6880836487,-0.1352539063,1.546585083,1.9562225342,0.5236358643,1.4462890625,-1.2112045288,0.2334136963,-1.2080078125,0.3227233887,-1.6757583618,1.7295722961,2.4299949408,7.7374763489,2.8781967163,-2.9526290894,3.1023008823,2.2976455688,-0.0013146496,-0.0017089546,-0.0017089546,1.8622561494,-1.3406066809,-2.1500029603
34,5,0.1864929199,2.0502929688,3.5560073853,4.1285552979,7.5458984375,1.6400909424,-4.3982009888,3.5330505371,-5.7162780762,3.6483459473,-2.1428527832,0.4825897217,-2.6731033325,-1.7834777832,-1.5214614868,-2.5104370117,0.2572937012,-0.5217857361,1.4906446934,2.6562728882,0.5622406006,3.466999054,1.4215939045,3.6705169678,0.0071203439,-0.0095049329,-0.0095049329,0.7377473872,-7.3814500072,0.1731309463
35,5,1.7902069092,1.8359222412,2.6814880371,5.0735931396,0.468536377,-1.7528839111,-4.1873054504,-1.1679229736,2.1311721802,7.208190918,-0.0976257324,4.0135650635,4.1056518555,-3.3386077881,-2.4508972168,-4.5144958496,-2.256690979,1.4041175842,0.5676262379,1.6002235413,2.4019241333,-1.3930244446,0.1170427799,3.5255203247,0.0011723358,-0.0130857043,-0.0130857043,-0.1384379225,-0.5771502318,0.6881570353
36,5,1.4997253418,-1.4214324951,1.3551025391,3.8812866211,0.653087616,5.3320465088,-1.5249176025,5.0273742676,-4.6529388428,3.5279693604,-2.9402008057,-3.0713500977,1.8586578369,-1.7264404297,-1.8077468872,-0.3198547363,-5.8591003418,-4.0477828979,-2.0979671776,6.2171401978,3.5102386475,-4.3094863892,1.2295106649,5.6980514526,-0.0010794615,-0.0165560097,-0.0165560097,4.5046734948,-0.5301586511,-2.9396438861
37,5,2.4462585449,2.903137207,2.5957794189,9.8189239502,5.6256122589,1.3924102783,-2.6179466248,0.1713867188,-3.5155029297,8.5518341064,-1.5740966797,2.8797302246,-2.4282226562,-3.373916626,-5.0173721313,-2.8095245361,-1.049621582,0.4146957397,1.3461458683,2.5533714294,3.4569320679,-0.3844795227,-2.9233694077,0.0089950562,0.0051142977,-0.0107809268,-0.0107809268,0.5919988193,-0.4538815244,4.8778898484
38,5,-0.7827758789,2.8741455078,-4.5352249146,2.3491210938,-1.1806221008,-3.2652130127,1.8464546204,-4.6096343994,0.5190887451,-1.6829833984,-1.8886413574,0.6470184326,-0.9146118164,2.3831329346,-0.9047241211,2.4581756592,0.4809494019,5.8054656982,1.4695105553,-8.4934482574,2.3485412598,9.04271698,0.6825892925,-11.0473861694,0.0024042705,-0.0028611161,-0.0028611161,-3.2404867011,-2.603677011,0.4352176262
39,5,0.1827545166,-8.9706878662,4.145324707,9.890838623,-0.1801185608,11.5992431641,-2.1752128601,12.3477172852,-7.3256607056,11.9319610596,-3.6263885498,-9.2721710205,8.2710876465,-2.9969024658,-2.3551559448,-4.5369262695,-3.8078155518,-1.333656311,-0.8140927553,12.5202770233,6.7486343384,-0.852394104,-0.633151154,9.6475524902,-0.0032067136,-0.0210070945,-0.0210070945,11.6994318275,0.9263089009,-2.3166516518
40,5,0.7453460693,2.4592590332,1.1122283936,6.6367950439,3.9679832458,-1.2250823975,-5.0431289673,-1.1424865723,-4.3650512695,9.1320648193,-1.529510498,0.8842468262,-3.3094100952,5.507522583,3.4099578857,7.1299285889,-0.1011810303,1.2321586609,-0.645673275,-4.1451339722,0.8367233276,0.771812439,0.5615494251,-5.2907180786,0.0010641266,-0.0108437352,-0.0108437352,0.0264969251,-0.705033494,0.0007179779
41,5,2.8212890625,-3.1287078857,9.4377212524,16.9862365723,9.7811317444,16.4358825684,-10.9952812195,18.5418243408,-9.177734375,18.6167755127,1.6249847412,-1.4738922119,0.830329895,-7.6284942627,-0.9432678223,-5.640045166,2.3889083862,7.6614723206,-3.505212605,-0.3679542542,-1.6936035156,1.3844680786,-0.594691515,0.8225708008,-0.0024053056,-0.0336872935,-0.0336872935,6.9901400422,0.6973098261,-1.3757237535
42,5,-1.2412109375,8.8444213867,2.2679595947,4.5442962646,18.7274150848,-4.7611083984,-12.5925941467,-1.9789123535,-5.9003601074,6.8048858643,1.1642608643,5.2065429688,-5.5839157104,-1.8471374512,-2.4771270752,-0.0432128906,5.1020889282,1.0738258362,2.592297256,-1.9499702454,-4.1961898804,3.9488677979,3.2002824843,-15.8633956909,0.0025887155,-0.0091066733,-0.0091066733,-4.0028713665,-3.2905022889,0.64260289
43,5,1.7745361328,-1.1074676514,-1.5481796265,-6.3053588867,-4.3411483765,-1.0471954346,4.821811676,0.6735076904,1.9823989868,-2.7417602539,-1.1476898193,-1.4221954346,0.3818435669,1.239654541,0.7545166016,3.0386657715,2.5290527344,5.1873245239,-0.7744345665,-2.6841697693,-1.4654464722,2.0596084595,-2.3668612093,-6.3990325928,-0.0068959058,-0.0089140534,-0.0089140534,-1.5600800471,6.6704588672,-0.2713233707
44,5,3.9507293701,-0.0183410645,0.2081298828,-3.3360595703,-4.1686897278,-3.4770202637,4.3574905396,-6.3151397705,0.7341003418,-2.2292022705,-2.9088897705,0.7357940674,-0.1282577515,3.0726928711,0.1119003296,4.3572998047,-4.0759506226,0.5248146057,-1.8548676968,-0.3235111237,2.8035812378,0.1003646851,0.1863225698,-2.3586425781,-0.0021067775,-0.0049470887,-0.0049470887,-2.4480042592,1.5836217093,-0.6836102536
45,5,-0.8610534668,7.8120880127,2.8375473022,6.6871185303,11.5329360962,0.6071777344,-9.2304267883,0.6616363525,-6.2261886597,6.9438476563,-3.563079834,3.6885223389,0.0951156616,-3.8772583008,0.8303985596,-4.362411499,-1.2898101807,5.1513252258,3.4009551406,-5.9403018951,2.0686264038,10.5641593933,0.1339694262,14.7513427734,-0.0009070315,-0.007270813,-0.007270813,-0.2270340731,-0.5046687547,-0.4438691134
46,5,7.3760681152,-0.297668457,4.3875274658,16.5986938477,-5.0342025757,10.1950683594,3.0668869019,10.0341644287,-3.3398284912,17.2051544189,-5.2634429932,0.0714263916,-2.7281723022,5.3659057617,3.3750457764,5.8321075439,-2.8233795166,21.1004371643,-3.0692770295,4.0001831055,-3.3907699585,19.126865387,-1.3624251038,19.4535903931,-0.0113526024,-0.0189941265,-0.0189941265,1.0632757616,12.6909404885,0.6976399512
47,5,2.3865509033,3.6403198242,1.4752502441,4.4250335693,-1.4920120239,-0.1238861084,-1.8209266663,-1.2691040039,1.4745330811,7.5148620605,0.3185119629,5.2590637207,3.2129135132,-1.1718139648,2.5061645508,0.5364990234,-2.4035797119,2.2109565735,-1.7252529263,1.4997653961,-1.2060775757,-3.4831237793,-1.3980407715,-2.5174255371,-0.0132709963,-0.0106660537,-0.0106660537,1.1013164358,13.6798193288,-0.3628162498
48,5,-2.6850128174,4.0450744629,-0.9636077881,3.85887146,1.717124939,1.9559326172,-1.2304496765,2.0489807129,-0.6079101563,4.2072906494,-0.8840942383,2.9407043457,0.6688232422,-0.743850708,-0.0227355957,-2.6305847168,1.1442871094,2.3522109985,0.6634356976,-7.677740097,-3.4483261108,8.845905304,-1.635951519,-4.5746002197,0.0007276488,-0.0048948303,-0.0048948303,0.9013390303,0.1309939731,0.0876684747
49,5,3.4991760254,-4.7941589355,3.2788543701,2.3216705322,2.3290710449,8.4857788086,5.3933525085,5.2742156982,-4.2938079834,-4.4396362305,-6.5601196289,-8.5774078369,-0.3969345093,-5.3923034668,-5.7288131714,-7.7557373047,-9.7960662842,-8.9384384155,2.5423445702,6.3730773926,4.0755462646,-1.0677642822,4.5585328937,-16.2386474609,0.0089916768,-0.0074587464,-0.0074587464,4.8717655501,-7.6802352065,-0.1330213754
50,5,-1.4028320313,1.5917358398,4.4248123169,13.2560424805,4.9974212646,9.3642425537,-7.2802085876,7.6831207275,-3.8610458374,11.9568939209,1.3498687744,2.0172729492,1.7352371216,-7.6518096924,-0.0684432983,-6.4785614014,0.3613815308,-0.7437057495,-2.8999356627,3.3474502563,-1.246131897,-1.5747489929,-2.1309268475,13.5458068848,-0.0013131557,-0.0050255358,-0.0050255358,7.2046824529,1.118841346,0.0579527304
51,5,-0.8266296387,-0.5166473389,10.3737335205,13.0572509766,11.9072647095,13.8733215332,-14.4180717468,15.7674865723,-9.7959518433,10.645904541,1.6155395508,-1.1931915283,-1.6517791748,-0.3473052979,3.708656311,-1.1654663086,3.9058074951,10.8327217102,-1.1709928513,5.1546096802,-2.3167953491,8.5829734802,1.1160185337,-0.9968490601,0.0006973464,-0.0041438565,-0.0041438565,6.1911256662,-1.0055472227,-1.7748110129
52,5,-2.0152435303,1.2853240967,8.4098739624,6.3725891113,12.5239562988,9.936050415,-12.344745636,12.2476501465,-7.0541000366,9.4182891846,4.2080078125,1.1199188232,-0.1817474365,-3.7614135742,2.6225357056,-4.3399505615,3.6915969849,8.5339431763,0.1949133873,3.1059112549,-2.522064209,5.5272102356,-0.8525518179,2.7308731079,0.0043191966,-0.0063610226,-0.0063610226,4.981464341,0.8281203345,5.3847708916
53,5,3.2206726074,0.5366668701,4.8405075073,5.4583435059,1.1290283203,1.2136230469,-8.8341331482,0.2325286865,-0.6828613281,12.2975463867,6.563293457,7.7891387939,3.9368133545,-3.9898223877,-1.4429931641,-3.8011169434,-1.5895767212,5.2810783386,-9.8096385002,4.3064498901,-0.3402557373,-4.4897766113,-1.3546533883,3.0806732178,-0.0245316187,-0.0087877437,-0.0087877437,2.7168385443,12.6003297415,-14.5273822512
54,5,-6.1882476807,14.122177124,-1.0586776733,2.9134979248,10.4439430237,-5.0926818848,-10.0049591064,-1.6653289795,-3.5287857056,8.6542816162,3.0318603516,9.3471069336,3.7887420654,-3.5723114014,-0.411857605,-1.0825805664,2.3226470947,-0.8405151367,0.2905492578,-1.5441474915,-3.7574539185,1.0918731689,0.5892238617,0.9182739258,-0.0012496623,-0.0030982755,-0.0030982755,-1.4652563998,-1.1153330907,-1.9708198422
55,5,9.1069335938,0.2526855469,1.5775985718,-9.6076965332,-3.4527435303,-9.7828521729,-6.3107833862,-7.7301483154,-0.4807357788,-4.4293670654,-0.4265594482,7.0178375244,4.6973114014,0.9697418213,-0.0953979492,0.1593780518,-11.9968719482,3.532623291,1.9851625562,1.4675521851,13.5410766602,-7.9130172729,0.6333146393,1.1405944824,-0.0074165515,-0.0030241758,-0.0030241758,-2.1273910846,8.9804835352,0.8120918301
56,5,1.0026245117,5.3304901123,-1.241355896,-1.3583374023,2.961309433,-7.4766540527,-4.7095966339,-4.8931274414,2.4562530518,-0.2566986084,2.6287994385,6.1979522705,0.7815628052,0.711227417,-3.0557937622,0.8995513916,-4.6123199463,-8.4592514038,-0.7636144161,-2.624956131,0.7726135254,-12.7251472473,1.5280892849,24.5378723145,0.0031182136,-0.012065284,-0.012065284,-1.4743445242,-0.2935208512,3.369839068
57,5,0.2118835449,1.5571289063,5.5343170166,4.0246276855,7.7054634094,1.9261016846,-7.8038787842,0.4354095459,-4.0902938843,2.8403930664,-0.474609375,0.9757232666,-0.3980636597,-3.5735626221,-1.5766601563,-3.6618041992,-3.3333740234,0.5504608154,0.8373681307,0.9121685028,0.7619171143,0.4440689087,0.1119354963,3.3123321533,0.0005489956,-0.0076916678,-0.0076916678,1.567505795,-0.9363744692,-0.0499051767
58,5,-0.0547180176,5.6851196289,1.6331329346,9.285446167,4.1182861328,-2.6726074219,-9.2224693298,2.62449646,-1.4423828125,16.3081665039,1.7296600342,8.6505889893,-2.1571044922,-1.764755249,0.2267303467,-5.0461425781,4.9676895142,9.8043022156,-0.2239978313,-4.2416610718,-8.407333374,8.5313224792,1.1040758938,-5.5327758789,-0.0016828314,-0.0118159242,-0.0118159242,0.5315172339,3.4367087602,1.0234172555
59,5,2.3264465332,-1.9121246338,4.2216796875,6.1058044434,2.9588088989,3.6973876953,1.3070449829,2.5872039795,-1.6077728271,2.5931091309,-1.4259490967,-2.6667938232,2.1224365234,-0.5673522949,-2.9082183838,0.8338775635,-5.4160079956,1.8307533264,-1.1135897636,-1.7352142334,2.9205856323,0.0099868774,-2.9768047333,14.1059951782,0.0017044498,-0.0122416988,-0.0122416988,2.5085952302,-1.6460588094,1.2587420319
60,5,0.4350891113,5.5120239258,4.1605606079,6.7066802979,8.5169334412,-2.0585632324,-5.5824928284,-0.6843719482,-2.5870132446,6.4327850342,-2.0724487305,3.7985534668,-2.604095459,0.2763977051,0.310333252,-0.5615692139,-0.5529022217,5.4132766724,1.9748733044,-3.9453887939,0.7388763428,10.7119560242,6.0479515791,-2.2142868042,0.0083450463,-0.0027906485,-0.0027906485,-1.5083420784,-11.0652896507,-0.9849008844
61,5,0.3960266113,-1.2211608887,2.2518920898,6.6611328125,2.2590484619,4.2893829346,-0.2690010071,5.8949584961,-3.155960083,4.2315826416,-0.9174346924,-3.2473754883,-0.5944595337,-2.8386993408,-2.2506561279,-3.80078125,-2.3854980469,0.0261764526,0.8811116219,-0.0382118225,-3.9759063721,4.3579864502,0.7079211948,-7.4306869507,0.0037601333,-0.0019190647,-0.0019190647,3.5318988885,-3.2481406563,-0.8994936822
62,5,4.228012085,-0.3622131348,1.4264373779,6.4332275391,1.0561447144,5.9143218994,-4.1610527039,5.528213501,-4.6819839478,6.7988586426,-2.3880767822,1.5199127197,4.6928405762,-9.55519104,-3.8358306885,-7.5394134521,-5.4771347046,5.4130401611,-3.039989233,1.4160842896,4.6126327515,6.5035896301,-3.8043223619,5.7877731323,-0.000759244,-0.0080308393,-0.0080308393,4.0546803503,1.9651255357,-1.1402500309
63,5,-1.8520202637,9.6188812256,-6.3342437744,5.2389068604,-0.2105674744,-6.8906860352,-3.7314682007,-6.008895874,1.7812728882,9.4902191162,2.3486022949,10.9643859863,0.8672714233,-0.4624786377,3.7710647583,0.3728027344,7.1769332886,11.1116943359,1.50610888,-10.977645874,-6.2225570679,7.7304954529,-0.8016037941,-3.6496505737,-0.003948445,0.0010873545,0.0010873545,-6.8166712725,3.3741844194,0.3082431237
64,5,0.2738647461,-1.0030975342,5.1981964111,9.2741851807,5.0472869873,10.0060882568,-2.2159385681,7.1394805908,-2.9395370483,9.4794616699,-1.3275299072,-1.234161377,0.2952804565,-2.5603790283,-0.0803146362,-1.4894561768,4.0028457642,0.7276725769,-0.8562569618,-5.0800361633,-1.6278839111,2.1128387451,-4.0249150991,32.322555542,-0.0005857777,-0.0135978572,-0.0135978572,5.2009423957,-1.2403820753,-4.3787572452
65,5,-3.7859802246,-1.6188201904,2.3967666626,7.5339355469,4.5316810608,12.6755828857,-6.8184738159,10.7982177734,-7.5593261719,10.002456665,0.2018127441,-5.070892334,6.5253601074,-6.7496337891,-0.5207519531,-3.00340271,7.7400131226,0.5566101074,-0.8638839722,-0.2108688354,-2.427116394,-0.2782440186,-0.4828163981,4.7974853516,-0.0046426728,-0.0125007518,-0.0125007518,5.80534767,2.7027206155,-7.2938116052
66,5,2.2244567871,0.7579040527,-0.8084716797,1.3566589355,-1.925113678,0.3677978516,1.805141449,0.6102294922,1.3370513916,0.8281097412,0.7638549805,3.3143615723,-3.0431137085,-0.4280700684,-0.5291595459,-1.809677124,2.0467376709,14.1100463867,2.0044078976,-8.1385383606,-1.7760925293,10.4521408081,2.969260931,-14.8975753784,0.0016897176,-0.0068005547,-0.0068005547,-1.5755263768,-2.3547656019,-0.4439372469
67,5,-3.9635620117,3.0916137695,8.7256622314,15.751953125,15.8039779663,14.9351806641,-11.5722732544,14.445098877,-9.4499740601,13.2483673096,-0.8569793701,-0.4281921387,-3.4013977051,-7.2818756104,-3.0410690308,-8.9841003418,5.969329834,7.3228263855,8.6493842602,1.9477844238,-4.1371688843,12.8888893127,9.4795845747,12.6840820313,0.0171024366,-0.0091599822,-0.0091599822,7.0764228208,-19.3850089932,-1.9129053706
68,5,-0.7297515869,3.2509155273,0.0325775146,2.9365844727,3.6566162109,1.52734375,-5.5862464905,3.2706451416,-0.6454162598,2.5884094238,0.3506622314,3.1142120361,0.039680481,-2.9042053223,1.0151672363,-3.5670776367,4.2421951294,7.4721450806,1.9941853285,-4.0843849182,-4.3201446533,7.960975647,2.0120078921,-9.9243850708,0.0011932836,0.0079105385,0.0079105385,0.4766623768,-3.3840753363,-2.5954514176
69,5,-3.8729248047,-7.7523651123,8.4880752563,8.7486419678,13.8465614319,22.2787628174,-7.6601982117,22.4014892578,-6.731628418,11.6342163086,3.9907073975,-10.1262512207,-6.1399841309,-6.727722168,-6.3243026733,-9.1678924561,6.4561157227,4.8806228638,2.1580250263,8.3990020752,-9.2142562866,8.8456039429,0.5210800171,8.1292266846,-0.0079318804,-0.0020856261,-0.0020856261,13.9579513967,-4.3882940268,-3.3704330188
70,5,2.3775024414,-1.6829833984,4.3072357178,-0.6401367188,1.7754364014,-1.7414398193,2.4762306213,-3.7658996582,-0.1859283447,1.6884765625,-5.8965759277,-2.8668670654,0.1683731079,0.6323699951,-0.1841659546,0.8855895996,-5.9493942261,3.5796356201,-1.8959922791,-5.7380371094,5.6469497681,4.1120452881,-2.2345238924,-4.8856811523,-0.0005846019,0.0046813637,0.0046813637,0.2314207649,1.296000755,-0.3526194767
71,5,1.9637756348,-2.6580657959,5.310760498,8.8777160645,2.0607719421,10.8155670166,5.5769729614,9.3666687012,-1.8592071533,4.1830596924,-1.2630767822,-4.1053924561,-3.7744293213,-3.2609863281,-6.3928985596,-5.5603942871,-2.2038574219,-2.8687324524,3.7113347054,5.6129207611,1.073928833,1.4226341248,3.6495802402,3.686920166,0.0141386662,-0.0075798705,-0.0075798705,5.8378352406,-13.5576511834,-0.1513231404
72,5,-0.4356536865,1.9346160889,-0.5364227295,1.4200744629,4.2089538574,-0.5726928711,-11.2099304199,7.3575134277,-5.185333252,8.3593444824,2.2596740723,3.3326263428,-1.3657608032,-3.9545135498,1.2107086182,-4.3798522949,4.2514724731,8.9078559875,3.7362847328,-7.9608879089,-6.6952667236,4.5729598999,3.6359597445,-3.3735351563,0.0001107214,0.0161419958,0.0161419958,0.5863636862,0.415732382,0.223946422
73,5,-0.1657409668,1.2541351318,-1.3565063477,-3.3949127197,1.8580703735,-1.5092163086,-7.0385551453,4.0921783447,-2.1246414185,4.5259552002,2.1134643555,2.6798553467,0.4398117065,-2.0297698975,1.7683181763,-0.8410644531,1.6200637817,5.3569107056,-3.4082913399,1.3905601501,1.3043823242,0.4158592224,-3.3622689247,-2.1775131226,-0.0089241089,-0.0038550571,-0.0038550571,0.6677852922,7.9584677433,0.2001995056
74,5,-2.1122589111,3.5059356689,-0.4032287598,3.2328948975,2.5673446655,-2.4031219482,0.0149383545,-0.0966186523,1.4002380371,3.9398193359,-1.1865386963,2.6903076172,-1.0912704468,-0.8963775635,-1.4577941895,-3.5373077393,3.0883178711,2.1061210632,1.8409069777,-1.4080085754,-2.01612854,8.014957428,2.0094203949,-14.0797729492,0.0036075378,-0.0054199956,-0.0054199956,-2.8575478436,-3.3604978895,0.4345045431
75,5,0.8465270996,4.4857788086,0.8358230591,1.599029541,3.0917491913,-4.0123138428,-2.9140319824,-5.3413085938,-0.0558547974,-2.3536529541,-0.7973022461,4.451461792,-0.3642959595,-1.2354278564,-0.3628005981,-1.6979064941,-1.5613479614,-0.0200500488,-0.6191449165,2.4958267212,1.8850326538,0.4784851074,1.5092661381,-2.0759429932,0.0002147681,-0.0040712133,-0.0040712133,-2.6349877393,-1.1687447426,0.4448154903
76,5,5.116317749,-2.9326629639,0.8058013916,-3.9621887207,-3.3401107788,-2.3411712646,-0.981212616,2.3020629883,-2.1437072754,4.5652313232,0.7122192383,-0.1339263916,-1.9576721191,3.0362243652,-0.45753479,2.1932067871,-7.9929885864,-1.8307113647,0.8818217516,-0.7618675232,-2.4053878784,-6.6002120972,3.3795981407,2.0202865601,0.000298985,-0.0052578412,-0.0052578412,1.9554309023,-0.345941443,-0.0560541597
77,5,5.3815765381,-5.522644043,12.4346618652,14.2433013916,10.4278297424,15.2013397217,-8.587097168,13.5411987305,-12.5205078125,12.899597168,-5.8880310059,-6.4003448486,-4.0750045776,-6.4398956299,-1.7443161011,-8.9925842285,-8.1720123291,6.2108879089,6.038454473,19.8222465515,5.1961898804,7.5853805542,4.9657928944,4.9852294922,0.0049387268,-0.0040466562,-0.0040466562,9.33109807,-2.6775649417,2.4216368968
78,5,1.233291626,-1.6677856445,8.1253509521,13.3226470947,5.3632202148,15.5582122803,-4.8485946655,15.5691986084,-6.3402404785,13.558807373,-1.0736083984,0.2996520996,-2.0618362427,-5.3641967773,2.2959747314,-8.2490386963,3.5018615723,10.1019363403,1.0839599669,-14.0104618073,-7.8380737305,13.0807495117,-0.0123014748,-7.1569290161,-0.0058033416,0.0031332448,0.0031332448,10.2510907971,-1.4493787462,3.0360108205
79,5,0.5713043213,1.8663635254,4.0512084961,11.7635498047,7.6277580261,5.7089233398,-4.2637825012,3.8981781006,-2.6982727051,7.931427002,-0.3783874512,1.0827178955,-1.2773971558,-1.5448455811,-1.6623306274,-3.2030792236,-1.5266647339,7.4308204651,-1.053383112,-7.9889068604,-3.4159469604,8.6988754272,2.1929675937,-4.0816421509,0.0067162886,-0.0047457367,-0.0047457367,3.0692856834,-8.734363508,-1.0475353312
80,5,1.2875061035,3.2858886719,-2.1937561035,-0.7009429932,1.0590934753,-4.6319122314,-7.2238254547,-6.4255218506,-3.0137481689,2.8152160645,-2.1460113525,3.6717224121,6.6442947388,-1.4492950439,2.4192047119,-1.2224884033,-5.0509719849,0.3468894958,-5.7575446367,11.3538169861,4.5070419312,-3.800693512,-2.7879935503,-8.2194061279,-0.0134004141,-0.020413205,-0.020413205,-2.0714475089,8.4494146968,-6.8049242038
81,5,0.1086578369,-1.5253143311,-1.8589630127,7.4849853516,-4.6689300537,2.1619415283,7.5678138733,1.5079040527,3.539642334,8.934463501,-1.6874084473,-0.4365692139,2.3729553223,3.4035339355,1.4422302246,2.4022369385,6.7444152832,-2.5245742798,-3.9686568603,-1.3890953064,-1.3158798218,-3.2764892578,-4.6030262709,2.0855865479,0.0021850499,0.0120925903,0.0120925903,6.3270565954,0.7326003238,3.2170378212
82,5,5.8735809326,0.2335205078,2.5291442871,9.4376983643,-2.7782039642,-0.568939209,-1.8249320984,0.0647735596,-5.8343887329,12.4141845703,-7.9940948486,1.1129760742,3.6617050171,-1.6313323975,0.5318832397,-1.1614074707,-4.4836273193,6.7733230591,-1.8263722956,-3.1967658997,8.5388641357,6.3181686401,-3.7648621798,8.3698272705,-0.0058117227,-0.0106522702,-0.0106522702,2.2128048237,4.055423316,-0.7223115783
83,5,4.3932342529,-7.7114105225,-0.2510147095,10.4837341309,-12.3760433197,16.7974243164,2.1777992249,16.918762207,-4.2751922607,13.424407959,-2.0710601807,-6.232421875,-5.3371810913,0.196762085,10.1898727417,1.4163360596,2.0948562622,4.8490142822,-2.296054244,7.8013477325,-3.9454345703,-4.0335617065,-4.2174168825,3.859992981,-0.0042200924,0.0042294711,0.0042294711,16.5289678698,7.7645374055,0.5260534053
84,5,-2.2935028076,4.5164031982,-0.8502349854,4.9318695068,7.9499702454,10.0304107666,-6.4120674133,14.5260772705,-5.586151123,9.6562347412,-1.3412628174,-0.0193939209,-0.5773468018,-8.9599304199,0.9830322266,-8.9169158936,3.4367218018,5.7527351379,0.2340062261,15.3434562683,-0.8257141113,9.2581367493,-1.3051727936,22.4461593628,0.0086047645,-0.0077177957,-0.0077177957,5.8284891632,-10.2694650835,-0.7490675979
85,5,5.1637420654,4.0029449463,3.61668396,16.0126495361,3.0635490417,-1.086517334,0.2548561096,0.7806854248,-2.1372070313,15.9511566162,-2.7494812012,3.8503265381,-3.1011428833,-2.3611755371,-1.9460296631,-2.1050872803,-2.5306625366,2.2601852417,4.4491888285,3.5270805359,3.7013702393,2.779586792,3.2245549262,-2.3824310303,0.0043249979,-0.0157757699,-0.0157757699,0.7561568286,-7.4569242665,-1.1504175402
86,5,2.0487518311,-7.2257995605,1.3275299072,-4.0835266113,-0.0570220947,0.3246917725,-2.719581604,0.6621246338,-1.5901031494,0.129486084,-0.2023620605,-5.1846160889,-5.0585861206,19.4290771484,3.6949081421,19.8199310303,0.568359375,-8.2832527161,-0.2591153979,2.1921577454,5.4707336426,-10.6073074341,0.3040140718,7.3405761719,0.0292309253,0.0224765394,0.0224765394,3.4801549572,0.7735954364,0.2839299293
87,5,-1.0694580078,9.8028106689,2.0549621582,7.6776123047,9.9603443146,-6.5945739746,-11.1920337677,-6.3624267578,-3.3879852295,9.9690093994,1.9721832275,9.2778015137,-1.1028518677,3.4682159424,1.6837921143,3.3192443848,2.1458053589,8.6388816833,2.4747285247,0.4533538818,-2.7603607178,7.328918457,2.9229162335,-6.8918304443,0.0257592825,0.0271387044,0.0271387044,-2.1898882895,6.104430717,0.4886879923
88,5,0.0981903076,0.5814361572,-1.8039093018,-2.2723236084,-4.4249038696,-1.2071685791,10.7393913269,-6.5993499756,4.4812927246,-7.0300598145,-0.9757995605,0.2451934814,0.9134597778,0.009552002,-2.2087631226,-1.4913024902,0.7692489624,0.2146682739,-2.9968288541,-2.5572547913,0.9188919067,1.9126701355,-1.898688525,-6.0659484863,0.0010115378,-0.0143701732,-0.0143701732,-2.7766665822,-1.6117331521,-0.4494487131
89,5,0.4713287354,4.1012878418,3.4768676758,-2.2701873779,7.4036178589,2.81640625,-4.0508117676,-0.6887969971,-1.2145080566,-6.7735443115,-3.3978424072,1.4439849854,1.9477157593,-5.3218231201,-0.720123291,-5.0247650146,-4.9384918213,3.2787895203,-0.4718501568,-10.4700431824,1.5009155273,8.0739555359,-1.233921323,-7.949180603,0.0272735786,0.0213304907,0.0213304907,2.8320864338,-0.5722984185,0.0610907641
90,5,-2.3049316406,0.9514465332,-0.3343048096,6.0330200195,0.2653465271,1.3060913086,-6.6065254211,4.4006195068,-2.6977386475,8.6219482422,2.9182281494,3.3932495117,-0.645904541,2.1992492676,3.4814987183,2.3204498291,5.5361328125,8.3326377869,0.2461992502,0.0951080322,-1.0438079834,4.6940917969,0.3604595661,-1.1007461548,0.0022019166,-0.0037713535,-0.0037713535,-0.581188411,-2.4283151725,2.3239581473
91,5,-2.5822296143,7.693649292,6.5062332153,11.3905181885,12.1763935089,2.8120727539,-10.9122848511,5.5363769531,-5.2902755737,9.3507385254,1.7163848877,6.0023651123,3.0746231079,-9.5748901367,-2.2220687866,-9.1669616699,0.4079666138,0.2664794922,2.3065464497,3.4118041992,-1.4818878174,1.7505989075,0.8650470972,1.3438720703,0.003850901,-0.0042556599,-0.0042556599,2.4030403835,-1.5254566009,-0.2507358228
92,5,-0.2897491455,-3.0730133057,0.6862335205,2.3332061768,-2.1042480469,5.0175628662,0.733001709,3.8891143799,-3.1547851563,0.4102783203,-0.1363525391,-4.2970428467,3.1959915161,-1.4089660645,-1.1185684204,0.0363616943,-1.4684906006,-1.606136322,1.407627821,-0.1801490784,0.9195556641,-1.0071220398,-0.3557491302,6.3367080688,0.0326517482,0.0260885656,0.0260885656,4.2545000588,-1.026612653,3.6923128217
93,5,-1.8316040039,0.1116333008,0.1895294189,0.7821350098,-0.8951721191,2.4579925537,3.0648727417,1.6975402832,-2.0119628906,-2.2648468018,-0.0536651611,-3.7298736572,2.8873901367,-1.4489440918,-3.3910369873,0.2659301758,-1.4207458496,-2.4138259888,1.6181648001,1.6856117249,0.7600097656,1.363571167,0.0867055655,3.6370162964,0.0381985154,0.0199344754,0.0199344754,3.9202139417,-9.6021417408,2.3446752237
94,5,9.6198272705,5.9533843994,-2.317779541,-5.2810058594,-10.2152442932,-13.5432891846,4.2210388184,-14.6311340332,2.9764328003,-2.149597168,-6.7186737061,10.3883666992,10.9079055786,-10.5979309082,6.5118103027,-8.4454803467,-9.6567611694,12.5671539307,-8.3947038651,1.8005752563,4.4580535889,7.8267173767,-7.3783431053,-11.8330535889,-0.0155214827,0.0021680668,0.0021680668,-2.2448442385,16.8366767271,2.6439272223
95,5,-2.6781768799,-1.5727081299,2.7449035645,8.1920318604,3.3015213013,9.3831787109,-4.4010848999,10.7866821289,-2.4002685547,9.196975708,3.0636749268,-0.5850067139,-0.5562667847,-2.2164154053,-0.034072876,-1.5168151855,2.5757141113,2.0053863525,-0.0322169065,1.6765899658,-0.0071029663,-0.2661857605,-1.3853666186,3.6154937744,-0.0075178454,-0.0084528737,-0.0084528737,5.1195262989,8.2429212839,0.8424334077
96,5,0.0909423828,-1.365234375,-0.8163146973,3.2780914307,1.5899505615,-0.0832672119,-10.1796894073,1.1332092285,-5.3160095215,11.2419128418,0.3673248291,0.5886993408,3.1528320313,0.1700744629,3.4897460938,1.2223815918,0.5676269531,4.2085418701,-4.3991351426,-0.1801815033,2.980506897,-4.1055221558,-2.722189188,-2.7332305908,-0.0111614596,-0.0105741173,-0.0105741173,0.3492836586,10.4271239258,-1.2884181108
97,5,-0.9892730713,-0.1344146729,11.1137390137,2.9572601318,17.6250343323,3.9686737061,-15.1008911133,8.8787078857,-12.5339508057,4.8921508789,2.5632019043,-1.3935394287,-4.2989120483,-9.7743682861,-3.4132919312,-11.3485565186,4.1763839722,6.016292572,3.504206866,16.8097038269,-4.7901306152,9.1831550598,4.1900317669,-19.5578536987,0.0028177146,-0.0033873767,-0.0033873767,1.0811322802,-2.7775426284,-0.462354542
98,5,0.6052856445,0.810836792,5.9622039795,2.697845459,8.2676963806,5.4875946045,-6.257856369,3.7692108154,-2.9797973633,4.0038604736,-0.2206878662,2.0624084473,0.6452484131,-5.9851379395,-2.1841583252,-6.7967834473,1.5585784912,-7.4038505554,2.693241477,-7.7479953766,3.5342712402,-5.8295097351,0.0796281695,17.7186279297,0.0012589847,-0.0126426984,-0.0126426984,3.8596599543,-1.4345817252,-1.2985741841
99,5,-2.4560241699,6.3043060303,4.0047607422,4.367477417,11.9544525146,0.2591705322,-8.4621448517,4.6880645752,-3.9739532471,0.902130127,2.2514038086,5.9128570557,-3.2475585938,-4.0440673828,-3.005645752,-7.1912994385,4.7288360596,-1.1652793884,2.807361573,-0.6368942261,-1.995300293,2.7527008057,2.9665193558,-5.4001693726,0.0083546236,0.0008594096,0.0008594096,1.9926617099,-8.2476513774,1.307762903
100,5,2.9220123291,1.6938171387,15.8785171509,21.7799530029,19.9110927582,16.1767272949,-13.5391864777,12.0528106689,-11.2860412598,17.9962310791,-1.079574585,3.484085083,-4.9229660034,-11.4459381104,2.6069030762,-13.4458770752,2.2356796265,5.1051292419,0.0607466102,2.1259822845,1.42137146,3.6404457092,-1.5883156806,0.895614624,0.0029572577,0.0015434045,0.0015434045,8.7962563283,-2.877844163,1.3013102317
101,5,0.8084259033,-0.6960754395,5.3304138184,6.1407012939,4.1345424652,9.4925994873,-0.1102409363,0.0444793701,-2.1296081543,-1.5590515137,-4.2576141357,-2.8520202637,0.4632339478,-6.8361968994,-0.3190841675,-6.0087280273,-2.8125457764,-14.8861465454,1.4442243576,4.944519043,2.7144775391,-11.1248474121,-0.1176259965,11.7830352783,0.0015263073,-0.0121154264,-0.0121154264,5.231794514,-1.6848254922,-0.8512312825
102,5,-0.5033874512,-1.8927459717,10.242477417,10.4994354248,7.6497688293,10.8515930176,-1.7961082458,9.2696228027,-8.9465179443,2.1623535156,-5.4645843506,-7.0919799805,-0.5945281982,-5.8740386963,-3.6750259399,-6.622253418,-6.4901885986,-3.2951927185,3.5375578403,10.5810699463,4.7633285522,3.6544570923,4.330706358,2.6112289429,0.0026988136,0.0032840185,0.0032840185,13.0651104906,-2.576972636,-2.7711536407
103,5,-3.0884399414,3.4764251709,2.5337905884,6.1204376221,5.6458702087,5.5383148193,-4.7798881531,2.2008972168,-6.3392181396,2.7850036621,-2.3963012695,-0.4886474609,1.5252914429,-3.9764862061,0.1038818359,-3.5889129639,-0.102104187,-1.4920158386,-3.4709346294,0.3382911682,-1.8248596191,4.0921821594,-0.1500938386,7.4817276001,-0.000153929,-0.012325,-0.012325,2.5799919357,-1.0911513857,-0.7704755121
104,5,1.226776123,2.8522796631,10.2881317139,11.6000823975,12.9020576477,5.3368377686,-7.3147392273,6.7098388672,-5.2517547607,6.8403167725,0.2009277344,1.8872680664,-1.8369674683,-3.8170623779,-0.7578811646,-2.2868041992,0.2724151611,-1.0103149414,0.8456625938,2.970413208,0.763420105,-1.3606491089,-2.4969903473,1.5664215088,0.0113291938,-0.0057704374,-0.0057704374,2.7225341766,-11.5832737595,1.6820747268
105,5,7.7929992676,5.125579834,5.7275161743,6.7964782715,3.5044250488,-5.8628997803,-8.1426105499,-6.9035644531,-4.2068939209,13.6718292236,-5.7304534912,8.3065185547,1.2481460571,-0.7778167725,2.3903656006,-1.2769012451,-8.6390304565,4.7512130737,-2.3419120312,-0.480758667,5.0845413208,-0.1851272583,-3.8217544556,-8.0217056274,-0.000675092,-0.0006091148,-0.0006091148,-1.9286712325,5.8384057323,1.7774600874
106,5,4.4123382568,4.1994476318,0.5558166504,3.4288787842,5.1690101624,-5.8022460938,-3.8486747742,-7.0065460205,-0.6760101318,1.8502807617,-4.0676574707,4.0096588135,-2.3625335693,0.2188568115,3.0147399902,0.0080108643,-0.2854919434,-3.3336029053,-0.1128206253,-5.6205177307,2.8247909546,-4.1585350037,0.3127923012,0.1287078857,0.0017073925,-0.0024558604,-0.0024558604,-2.9122083612,-1.3989910636,-0.446890668
107,5,3.0069732666,11.4962615967,-0.6261749268,-0.3552856445,1.2905578613,-12.1345977783,-2.5372924805,-12.0923461914,-0.5428924561,1.3466033936,-2.8865203857,13.6788787842,-1.5194168091,2.2526092529,-1.8566665649,-0.6842498779,-4.5403594971,-2.9382858276,4.0576429963,-9.4514465332,8.1249465942,-2.5237350464,2.6592980325,2.0103683472,0.0005451319,0.000399556,0.000399556,-5.0658010606,-2.8661923305,-0.5225962846
108,5,0.1307983398,0.9318389893,4.6621246338,0.4228973389,7.8221702576,-0.2145996094,-2.7448234558,-2.0811920166,-0.6829528809,-3.6617279053,-0.8811950684,1.7296905518,-1.8455429077,-1.4378204346,-1.930770874,-2.7221832275,-4.5928192139,1.9094963074,-1.680510968,-1.3592586517,0.181602478,4.0915260315,-1.6013892889,-3.4171524048,0.001371183,0.0104591064,0.0104591064,0.595715527,-1.4007083406,-0.4943626804
109,5,2.521194458,1.5216827393,1.6353302002,2.803894043,-0.3727226257,-4.6171417236,-0.0178070068,2.3462677002,0.7280883789,6.9215240479,-1.1070251465,2.9671630859,-2.7101516724,2.872467041,-1.3885879517,-0.526184082,0.0402908325,-1.543422699,1.1267191172,-1.4801673889,2.2481689453,-0.5307655334,3.3276488781,0.8716125488,0.0029874406,-0.0053648911,-0.0053648911,0.2006840451,-4.8503604206,-1.089159029
110,5,1.1679534912,3.2459411621,-1.6602706909,-5.7188415527,1.3189888,-7.9217071533,-2.0957679749,-8.3449707031,4.4676818848,-5.7504730225,0.1019744873,5.087097168,-1.0078353882,0.9208831787,2.3616714478,0.4960174561,-5.2768249512,2.4319114685,-3.1784633398,-9.5859241486,-2.4252243042,1.2459907532,-1.5378473997,-12.2517318726,-0.0042664148,-0.0108091384,-0.0108091384,-4.9056111836,4.4783744695,0.308074249
111,5,4.8432159424,2.3360748291,-2.5699996948,-7.5829772949,-5.8628959656,-9.7686309814,7.3820533752,-8.2462463379,4.1965560913,-7.1437225342,-2.8618774414,3.070098877,-2.7346191406,5.4455413818,0.7551651001,5.7530517578,-7.8587417603,0.7039756775,0.8898109347,-2.8714256287,4.7475585938,-0.7065582275,1.3501591682,0.9247741699,-0.0000665,-0.0123219602,-0.0123219602,-5.639412558,-1.8977371971,-1.9009854631
112,5,-0.7073364258,-6.1219482422,6.5955810547,9.5328979492,9.9871788025,13.1526794434,-12.3404560089,12.3606109619,-14.4228210449,9.3263702393,-2.2148742676,-8.528137207,3.5661392212,-4.134185791,-0.6180801392,-0.3758544922,-4.5996627808,-7.4619903564,-1.3087124825,15.6968078613,3.9686050415,-4.4651641846,-1.3840633035,8.6534957886,-0.0030063065,-0.0141202286,-0.0141202286,6.1009529601,1.3864038874,-1.8417654261
113,5,-2.0420532227,4.3824920654,1.2243499756,4.7453155518,9.9238395691,-2.5641021729,-4.4374084473,-6.9281005859,-1.828125,-4.4627380371,-0.173034668,1.8989868164,0.7884979248,0.3096466064,-1.391784668,-0.1075134277,-1.9421615601,-0.4738235474,-1.2783197165,-1.8276748657,1.3405685425,4.2605171204,-3.4024296999,-1.2069396973,0.0012006089,-0.0013978705,-0.0013978705,-3.539118948,0.1404956387,0.1995429813
114,5,-0.0864868164,3.499710083,-4.6595001221,-1.4449920654,-2.6277160645,-7.5094909668,3.5251731873,-8.5888671875,3.1015014648,-2.7890014648,-0.9629821777,1.9205474854,0.0255432129,4.3978729248,0.7005081177,3.3392486572,-0.1049041748,0.8206748962,2.3244910836,-5.7188720703,-0.5320358276,4.1411476135,1.7371354103,-8.5031890869,0.0010485883,0.0040002046,0.0040002046,-5.5447396276,-0.670545632,0.4849129838
115,5,1.8218383789,-0.3568115234,3.5719451904,10.9220733643,4.5919685364,8.1519165039,-4.2493591309,4.0397186279,-7.3959655762,7.8748474121,-2.1638641357,-3.1691741943,0.7957000732,0.246307373,0.24974823,2.0609588623,-4.6515960693,0.0831413269,1.2804359198,11.620552063,4.267326355,3.2380867004,3.1318323612,-5.1815338135,9.85584301815834E-05,-0.0041058194,-0.0041058194,5.1066111161,-1.2529314827,-0.0610242752
116,5,7.1058044434,-2.2331390381,2.7763519287,10.1585845947,-5.0169506073,0.4061431885,-7.1323566437,0.7161560059,-6.6141738892,17.4577178955,-3.8329772949,3.1837158203,9.036819458,-0.9520568848,4.5502166748,-0.1569671631,-3.2976226807,2.4678573608,-6.2432067394,8.6104278564,6.2828445435,-9.3745651245,-4.9972903728,6.187538147,-0.0138141797,-0.0130513161,-0.0130513161,4.7312856316,9.3330023623,-2.8129007204
117,5,3.0896453857,-3.2011413574,-1.3701934814,-2.5271911621,-4.4535045624,3.4387359619,0.9951477051,3.0526428223,-3.0739364624,-4.2536315918,-2.3511810303,-2.6039428711,4.1608886719,-0.0105133057,0.7649612427,2.0705108643,0.3838043213,-1.6441764832,-0.4442634583,7.3546028137,6.5448455811,-6.5429000854,0.1060568094,2.8361968994,-0.0056559577,-0.0306171328,-0.0306171328,3.0655537446,6.2063523646,0.337891952
118,5,-1.3030395508,-5.0599060059,1.8408889771,12.1988372803,-2.9228343964,17.0184783936,2.4333953857,16.7294921875,-5.4780273438,12.8619384766,-2.1977996826,-5.5846710205,0.8525085449,-6.8212280273,-1.4085617065,-8.1498260498,3.4740982056,-2.3814048767,-0.9788397253,8.493057251,0.8284912109,0.262966156,1.2346576191,7.7907485962,-0.0114952836,-0.0232815668,-0.0232815668,12.1217878769,1.1647121973,-9.0221014647
119,5,3.5474700928,6.497253418,2.1257019043,6.3747406006,2.3333072662,-4.4502716064,-1.7182674408,-9.9811096191,1.1144866943,5.7815246582,-3.8325805664,7.9751281738,0.0501556396,1.3563995361,0.8056716919,0.7808685303,-1.4951858521,-1.9450035095,3.3119120598,-4.9524059296,4.8444442749,-1.9212532043,0.2112493515,-4.8110733032,0.0021009995,-0.0125517398,-0.0125517398,-3.177036483,-3.6443643923,-0.7352870459
120,5,0.9753875732,-2.4107513428,5.7864532471,6.3733825684,5.5722045898,4.3340911865,-7.0840454102,9.4908752441,-5.9329071045,12.1564178467,0.024230957,-1.9142303467,0.681602478,-2.3377685547,-0.757522583,-3.9522247314,1.664894104,-1.3155021667,3.3375906944,7.3292312622,-0.6810913086,-4.2329101563,4.4243328571,6.4345703125,0.031582945,0.0235701334,0.0235701334,6.9825491203,-5.6369022716,-2.6097095326
121,5,0.1491088867,2.1438140869,1.5729675293,8.3239898682,5.6572341919,6.1909790039,-1.6622543335,-1.575592041,-2.0153656006,-1.150177002,-2.1536560059,-1.1496734619,-0.6164703369,-2.2183380127,-2.288444519,-0.8578338623,0.4294662476,3.359664917,1.0849706251,-1.9534740448,1.1718292236,8.6064834595,0.6635727882,-6.5457458496,0.0050132796,-0.0154440179,-0.0154440179,2.1667349418,-6.6235439978,0.7314652729
122,5,-0.3447265625,-2.2946929932,1.3751220703,3.366973877,1.0275688171,6.2498474121,4.1205101013,4.0640411377,1.4981994629,1.0343322754,-0.8772125244,-4.3115844727,-0.5555953979,-2.9263763428,-0.4430389404,-1.9857788086,-1.4878616333,3.2869644165,-1.3005683422,-4.7028083801,-2.3330764771,5.7045783997,-1.3011998534,-1.0590362549,0.0009286066,0.0004668795,0.0004668795,3.7927224126,-0.6216782207,-0.1600604684
123,5,0.3184204102,10.1721496582,-0.1213531494,0.5961303711,2.88073349,-9.2553100586,-1.2510795593,-11.7116699219,3.3144836426,-1.6926574707,-0.4588165283,11.5660247803,-0.6194915771,2.8516998291,-1.0347976685,2.9726104736,-1.9458236694,-0.9609642029,-0.103063561,-2.2262439728,-0.2034759521,0.0566558838,1.6307008266,-7.8643264771,0.0044334312,-0.0047270283,-0.0047270283,-6.3416944747,-1.1729972971,0.560848603
124,5,-0.3673858643,1.4275817871,-0.6413269043,4.2187957764,-1.503200531,0.2914428711,0.3845252991,2.0548858643,-0.1222076416,5.9176330566,-0.0867156982,2.7411193848,-1.1278610229,0.7583618164,1.0054855347,-1.1336669922,5.7094421387,3.0912590027,2.4983816147,-4.7636108398,-4.2229690552,3.6719398499,-0.2951126099,-3.4821777344,0.0054287738,0.0082817301,0.0082817301,0.0892744529,-1.5132172124,3.2524487057
125,5,-1.1604309082,-6.8475646973,4.3504104614,5.0004730225,2.9331436157,9.1162414551,-3.1501617432,9.2322540283,-1.573387146,8.6953125,3.3349609375,-6.2054748535,0.3139343262,2.9585723877,2.9569091797,4.5102996826,5.361366272,1.7370223999,-1.5621738732,-0.1377983093,-4.7984542847,-2.0847625732,-1.9556986988,2.4990463257,-0.0137035816,-0.0064288303,-0.0064288303,3.077454127,13.194887664,-1.9408845987
126,5,0.0702972412,1.0503692627,-1.9840087891,1.9437713623,-3.3554077148,-4.4095001221,0.705909729,-3.7511291504,-0.3369598389,1.4796295166,-1.1027679443,1.6453704834,-0.640663147,4.1743774414,1.5737838745,4.6453552246,3.9100799561,3.1440505981,-1.9966419339,-10.010433197,-1.5627975464,3.4357872009,-2.8131579459,-0.99634552,-0.0057770284,0.0048164986,0.0048164986,-2.2242730941,3.0086604028,-3.1764283278
127,5,1.4144744873,-1.5152587891,-1.5332336426,0.6360626221,-2.5444335938,2.3046569824,-0.77759552,3.1466217041,-1.1676025391,-0.4891357422,0.8984527588,-0.3122253418,-3.2655258179,-0.575958252,2.2592926025,-0.5916442871,2.1318588257,4.711101532,0.13976717,-3.0278377533,-3.0118026733,0.8635292053,1.9989033341,-6.1775665283,-0.0007176335,-0.0052384101,-0.0052384101,0.300292943,0.4203126333,-0.2258504459
128,5,3.1290740967,2.0740356445,7.5433654785,9.1919250488,10.0225410461,1.4960021973,-9.5467147827,2.2792358398,-6.5351257324,10.4292907715,-2.2416992188,1.2142181396,-2.7534866333,-3.2028961182,-1.5527877808,-5.3024291992,-5.4335784912,6.3675041199,2.2937474251,-0.6756515503,2.2498397827,5.308139801,4.1426100731,-7.2192230225,0.0127796573,0.0018937699,0.0018937699,1.352374649,-12.3537823178,2.4833527779
129,5,1.3757324219,-5.6276245117,5.9362487793,2.0335845947,1.520160675,5.0050354004,-0.1705932617,4.3369598389,-4.2773742676,-0.8569030762,-1.9963378906,-5.8091430664,0.9326553345,-2.6275482178,0.3566894531,-1.2448577881,-6.3610916138,-1.0672187805,-1.0385580063,2.4605751038,3.5919876099,-1.7058639526,0.9083446264,2.9761428833,-0.0032310467,-0.0031188205,-0.0031188205,3.85591401,-1.4024721461,-4.1115406761
130,5,0.7068634033,-7.1507568359,3.3306884766,8.4327850342,0.8255519867,8.7373352051,1.6780948639,9.9208831787,-3.3012695313,8.7061157227,0.2309875488,-6.3587036133,-2.0907287598,-0.0121612549,-0.5091247559,-1.2513275146,-1.2337112427,-1.5707397461,0.5012927055,3.4573326111,-3.7144927979,-0.3520545959,0.5374608189,4.895362854,0.0063095805,-0.0066484176,-0.0066484176,5.9394000487,-0.5911859772,5.2925052424
131,5,2.6708221436,-6.0020446777,4.8928909302,11.2928009033,4.2710399628,17.8652954102,-1.7556152344,15.9836578369,-7.2621078491,11.7979888916,-1.4081573486,-6.7151947021,-3.2334365845,-1.4607391357,3.011505127,-0.2129516602,0.8930664063,-2.7577667236,3.0672178268,5.9295215607,1.7695159912,-5.611114502,4.1016323566,9.0352783203,-0.0001866568,-0.0161409974,-0.0161409974,9.3161924408,-0.3622352758,-1.0985208354
132,5,-0.1742858887,7.5993041992,4.0601501465,8.8146514893,9.8705291748,-3.5436859131,-8.3054008484,-3.0503387451,-1.1301879883,7.7737731934,0.480178833,8.196472168,0.9486465454,-2.8048095703,1.7253112793,-4.5518188477,-2.3870773315,0.3202629089,-4.7869968414,-8.0002260208,-0.8894805908,-0.7343673706,-2.3646929264,2.9389038086,-0.0030684518,0.0015064888,0.0015064888,-2.3969801747,2.6072144559,-0.6123390925
133,5,3.8989868164,0.785446167,1.0326538086,1.5664367676,1.6558151245,-3.3451843262,-6.3835144043,0.5613098145,-0.3385162354,3.2687683105,-0.0810546875,5.0610809326,1.0407562256,-5.3995361328,0.7597198486,-6.2069702148,0.9557037354,3.5167770386,-3.3402633667,-2.41664505,2.3884735107,-4.2377815247,-0.2128667533,-0.2187423706,-0.0044420072,-0.0062155257,-0.0062155257,-2.9698448937,3.6645928862,0.6434192641
134,5,-2.8663635254,6.7714691162,3.7740631104,14.8466033936,7.7708320618,7.7975006104,-6.9855251312,4.5882263184,-9.5180053711,14.7536773682,-7.5240020752,0.4196624756,6.8031005859,-8.8035583496,-0.0158004761,-7.8350830078,-6.1501159668,-2.8165473938,-1.1593387127,-0.6541633606,3.3491516113,12.1294593811,-6.1839905381,6.5129013062,-0.0025254688,-0.0109716281,-0.0109716281,3.8131723908,2.778395867,1.2776764551
